image_name,mask_idx,class_name,class_id
202308895.jpg,2,Others,0
202308895.jpg,3,Others,0
202308895.jpg,4,Others,0
202308895.jpg,5,Others,0
202308895.jpg,6,Others,0
202308895.jpg,7,Others,0
202308895.jpg,8,Others,0
202308895.jpg,9,Others,0
202308895.jpg,10,Others,0
202308895.jpg,11,Others,0
202308895.jpg,12,Others,0
202308895.jpg,13,Others,0
202308895.jpg,14,Others,0
202308895.jpg,15,Others,0
202308895.jpg,16,Others,0
202308895.jpg,17,Others,0
202308895.jpg,18,Others,0
202308895.jpg,19,Others,0
202308895.jpg,21,Others,0
202308895.jpg,23,Others,0
202308895.jpg,24,Others,0
202308895.jpg,25,Others,0
202308895.jpg,26,Stela,6
202308895.jpg,27,Others,0
202308895.jpg,28,Others,0
202308895.jpg,29,Others,0
202308895.jpg,30,Others,0
202308895.jpg,31,Stela,6
202308895.jpg,32,Others,0
202308895.jpg,33,T,1
202308895.jpg,34,Others,0
202308895.jpg,35,V,2
202308895.jpg,36,T,1
202308895.jpg,37,Others,0
202308895.jpg,38,T,1
202308895.jpg,39,Others,0
202308895.jpg,40,T,1
202308895.jpg,41,T,1
202308895.jpg,42,T,1
202308895.jpg,43,T,1
202308896.jpg,0,Others,0
202308896.jpg,1,Others,0
202308896.jpg,4,Others,0
202308896.jpg,5,Others,0
202308896.jpg,6,Others,0
202308896.jpg,7,Others,0
202308896.jpg,9,Others,0
202308896.jpg,10,Others,0
202308896.jpg,11,Others,0
202308896.jpg,12,I,3
202308896.jpg,13,Others,0
202308896.jpg,14,Others,0
202308896.jpg,15,Others,0
202308896.jpg,17,I,3
202308896.jpg,19,V,2
202308896.jpg,20,V,2
202308896.jpg,21,V,2
202308896.jpg,22,Others,0
202308896.jpg,23,Others,0
202308896.jpg,24,I,3
202308896.jpg,25,Others,0
202308896.jpg,26,V,2
202308896.jpg,27,T,1
202308896.jpg,29,T,1
202308896.jpg,30,Others,0
202308896.jpg,31,Others,0
202308896.jpg,32,Others,0
202308896.jpg,33,T,1
202308896.jpg,35,T,1
202308896.jpg,41,Others,0
202308896.jpg,42,Others,0
202308896.jpg,43,Others,0
202308941.jpg,4,Others,0
202308941.jpg,5,Others,0
202308941.jpg,6,Others,0
202308941.jpg,7,Others,0
202308941.jpg,9,Others,0
202308941.jpg,10,Others,0
202308941.jpg,11,Others,0
202308941.jpg,12,V,2
202308941.jpg,13,Others,0
202308941.jpg,14,Others,0
202308941.jpg,15,Others,0
202308941.jpg,16,Others,0
202308941.jpg,17,Others,0
202308941.jpg,18,Others,0
202308941.jpg,20,Others,0
202308941.jpg,21,V,2
202308941.jpg,22,Others,0
202308941.jpg,23,Others,0
202308941.jpg,25,V,2
202308941.jpg,26,Others,0
202308941.jpg,27,Others,0
202308941.jpg,28,Others,0
202308941.jpg,29,V,2
202308941.jpg,30,Others,0
202308941.jpg,31,Others,0
202308941.jpg,32,T,1
202308941.jpg,33,T,1
202308941.jpg,34,Others,0
202308941.jpg,37,T,1
202308941.jpg,39,Others,0
202308941.jpg,40,Others,0
202308941.jpg,42,Others,0
202309626.jpg,0,Others,0
202309626.jpg,1,Others,0
202309626.jpg,2,Others,0
202309626.jpg,3,Others,0
202309626.jpg,4,Others,0
202309626.jpg,5,Others,0
202309626.jpg,6,Others,0
202309626.jpg,7,Others,0
202309626.jpg,8,Others,0
202309626.jpg,9,Others,0
202309626.jpg,10,Others,0
202309626.jpg,11,Others,0
202309626.jpg,12,Others,0
202309626.jpg,13,Others,0
202309626.jpg,14,Others,0
202309626.jpg,15,Others,0
202309626.jpg,16,Others,0
202309626.jpg,17,Others,0
202309626.jpg,18,Others,0
202309626.jpg,19,Others,0
202309626.jpg,20,Others,0
202309626.jpg,21,Others,0
202309626.jpg,22,Others,0
202309626.jpg,23,Others,0
202309626.jpg,24,Others,0
202309626.jpg,25,Others,0
202309626.jpg,26,Others,0
202309626.jpg,27,Others,0
202309626.jpg,28,Others,0
202309626.jpg,29,Others,0
202309626.jpg,30,Others,0
202309626.jpg,31,Others,0
202309626.jpg,32,Others,0
202309626.jpg,33,Others,0
202309626.jpg,34,Others,0
202309626.jpg,35,Others,0
202309626.jpg,36,Others,0
202309626.jpg,36,Others,0
202309626.jpg,37,Others,0
202309626.jpg,38,Others,0
202309626.jpg,39,Others,0
202309626.jpg,40,Others,0
202309626.jpg,41,Others,0
202309626.jpg,42,Others,0
202309626.jpg,44,Others,0
202309626.jpg,45,T,1
202309626.jpg,46,Others,0
202309626.jpg,47,Others,0
202309626.jpg,48,Others,0
202309626.jpg,49,Others,0
202309626.jpg,50,Others,0
202309626.jpg,51,T,1
202309626.jpg,52,Others,0
202309626.jpg,54,Others,0
202309626.jpg,55,T,1
202309626.jpg,57,Others,0
202309626.jpg,60,Others,0
202309626.jpg,61,Others,0
202309626.jpg,62,Others,0
202309626.jpg,63,Others,0
202400453.jpg,1,Others,0
202400453.jpg,2,Others,0
202400453.jpg,4,Others,0
202400453.jpg,5,Others,0
202400453.jpg,6,Others,0
202400453.jpg,7,Others,0
202400453.jpg,8,Others,0
202400453.jpg,9,Others,0
202400453.jpg,10,Others,0
202400453.jpg,11,Others,0
202400453.jpg,12,Others,0
202400453.jpg,13,Others,0
202400453.jpg,14,Others,0
202400453.jpg,15,Others,0
202400453.jpg,16,V,2
202400453.jpg,17,V,2
202400453.jpg,18,Others,0
202400453.jpg,19,Others,0
202400453.jpg,21,Others,0
202400453.jpg,22,Others,0
202400453.jpg,23,Others,0
202400453.jpg,24,Others,0
202400453.jpg,25,Others,0
202400453.jpg,25,Others,0
202400453.jpg,26,Others,0
202400453.jpg,27,Others,0
202400453.jpg,28,Others,0
202400453.jpg,29,Others,0
202400453.jpg,30,Others,0
202400453.jpg,31,Others,0
202400453.jpg,32,Others,0
202400453.jpg,33,Others,0
202400453.jpg,34,Others,0
202400453.jpg,35,Others,0
202400453.jpg,36,Others,0
202400453.jpg,37,Others,0
202400453.jpg,38,Others,0
202400453.jpg,39,Others,0
202400453.jpg,40,Others,0
202400453.jpg,41,Others,0
202400453.jpg,44,T,1
202400453.jpg,45,Others,0
202400453.jpg,46,Others,0
202400453.jpg,47,Others,0
202400453.jpg,48,Others,0
202400453.jpg,50,T,1
202400453.jpg,51,Others,0
202400453.jpg,53,Others,0
202400453.jpg,55,Others,0
202400453.jpg,58,Others,0
202400453.jpg,59,Others,0
202308895.jpg,22,Others,0
202401408.jpg,0,Others,0
202401408.jpg,1,Others,0
202401408.jpg,2,Others,0
202401408.jpg,3,Others,0
202401408.jpg,4,Others,0
202401408.jpg,6,Others,0
202401408.jpg,7,Others,0
202401408.jpg,8,Others,0
202401408.jpg,9,Others,0
202401408.jpg,10,Others,0
202401408.jpg,11,Others,0
202401408.jpg,12,Others,0
202401408.jpg,13,Others,0
202401408.jpg,14,Others,0
202401408.jpg,15,Others,0
202401408.jpg,16,Others,0
202401408.jpg,17,Others,0
202401408.jpg,18,Others,0
202401408.jpg,19,Others,0
202401408.jpg,21,Others,0
202401408.jpg,22,Others,0
202401408.jpg,23,Others,0
202401408.jpg,25,Others,0
202401408.jpg,26,Others,0
202401408.jpg,28,Others,0
202401408.jpg,29,V,2
202401408.jpg,30,Others,0
202401408.jpg,31,Others,0
202401408.jpg,32,Others,0
202401408.jpg,33,Others,0
202401408.jpg,34,V,2
202401408.jpg,36,V,2
202401408.jpg,37,Others,0
202401408.jpg,38,V,2
202401408.jpg,39,Others,0
202401408.jpg,40,V,2
202401408.jpg,41,V,2
202401408.jpg,43,V,2
202401408.jpg,44,V,2
202401408.jpg,45,Others,0
202401408.jpg,48,V,2
202401408.jpg,49,V,2
202401408.jpg,50,Others,0
202401408.jpg,51,Others,0
202401408.jpg,52,V,2
202401408.jpg,53,V,2
202401408.jpg,54,Others,0
202401408.jpg,55,Others,0
202401408.jpg,56,V,2
202401408.jpg,58,Others,0
202401408.jpg,59,Others,0
202401408.jpg,61,Others,0
202401408.jpg,62,Others,0
202401408.jpg,63,Others,0
202401408.jpg,64,Others,0
202401408.jpg,65,V,2
202401408.jpg,66,Others,0
202401408.jpg,67,Others,0
202401408.jpg,68,Others,0
202401408.jpg,69,Others,0
202401408.jpg,70,Others,0
202401408.jpg,71,Others,0
202401408.jpg,72,Others,0
202401408.jpg,73,Others,0
202401408.jpg,74,Others,0
202401693.jpg,2,Others,0
202401693.jpg,3,Others,0
202401693.jpg,5,Others,0
202401693.jpg,6,Others,0
202401693.jpg,7,Others,0
202401693.jpg,8,Others,0
202401693.jpg,9,Others,0
202401693.jpg,10,Others,0
202401693.jpg,11,Others,0
202401693.jpg,12,Others,0
202401693.jpg,13,Others,0
202401693.jpg,14,Others,0
202401693.jpg,15,Others,0
202401693.jpg,16,Others,0
202401693.jpg,17,Others,0
202401693.jpg,18,Others,0
202401693.jpg,19,Others,0
202401693.jpg,20,Others,0
202401693.jpg,21,Others,0
202401693.jpg,22,Others,0
202401693.jpg,23,Others,0
202401693.jpg,24,Others,0
202401693.jpg,25,Others,0
202401693.jpg,26,Others,0
202401693.jpg,27,Others,0
202401693.jpg,28,V,2
202401693.jpg,29,Others,0
202401693.jpg,31,V,2
202401693.jpg,32,Others,0
202401693.jpg,33,Others,0
202401693.jpg,34,V,2
202401693.jpg,35,Others,0
202401693.jpg,36,Others,0
202401693.jpg,37,Others,0
202401693.jpg,38,Others,0
202401693.jpg,39,Others,0
202401693.jpg,40,Others,0
202401693.jpg,41,Others,0
202401693.jpg,42,Others,0
202401693.jpg,43,Others,0
202401693.jpg,44,Others,0
202401693.jpg,45,Others,0
202401693.jpg,46,Others,0
202401693.jpg,48,Others,0
202401693.jpg,49,Others,0
202401693.jpg,50,Others,0
202401693.jpg,51,V,2
202401693.jpg,53,Others,0
202401693.jpg,54,Others,0
202401693.jpg,55,Others,0
202401693.jpg,56,Others,0
202401693.jpg,57,Others,0
202401693.jpg,59,Others,0
202401693.jpg,61,Others,0
202401693.jpg,63,Others,0
202401693.jpg,64,Others,0
202401693.jpg,65,Others,0
202401693.jpg,66,Others,0
202401693.jpg,67,Others,0
202401693.jpg,68,Others,0
202401693.jpg,69,Others,0
202401693.jpg,70,Others,0
202401693.jpg,71,Others,0
202401693.jpg,72,Others,0
202401693.jpg,73,Others,0
202401693.jpg,74,Others,0
202401693.jpg,75,Others,0
202401693.jpg,76,Others,0
202401693.jpg,77,Others,0
202401693.jpg,78,Others,0
202401693.jpg,79,Others,0
202402728.jpg,1,Others,0
202402728.jpg,2,Others,0
202402728.jpg,3,Others,0
202402728.jpg,4,Others,0
202402728.jpg,5,Others,0
202402728.jpg,6,Others,0
202402728.jpg,7,Others,0
202402728.jpg,10,Others,0
202402728.jpg,12,Others,0
202402728.jpg,17,Others,0
202402728.jpg,18,Others,0
202402728.jpg,20,Others,0
202402728.jpg,22,Others,0
202402728.jpg,23,Others,0
202402728.jpg,24,T,1
202402728.jpg,25,I,3
202402728.jpg,26,Others,0
202402728.jpg,27,T,1
202402728.jpg,28,T,1
202402728.jpg,29,T,1
202402728.jpg,30,T,1
202402728.jpg,31,T,1
202402728.jpg,32,T,1
202402728.jpg,33,Others,0
202402728.jpg,34,Others,0
202402728.jpg,35,Others,0
202402728.jpg,36,Others,0
202402728.jpg,37,Others,0
202402728.jpg,38,Others,0
202402729.jpg,1,Others,0
202402729.jpg,5,Others,0
202402729.jpg,6,Others,0
202402729.jpg,7,V,2
202402729.jpg,8,Others,0
202402729.jpg,9,Others,0
202402729.jpg,10,Others,0
202402729.jpg,11,Others,0
202402729.jpg,12,Others,0
202402729.jpg,13,Others,0
202402729.jpg,14,I,3
202402729.jpg,15,V,2
202402729.jpg,16,Others,0
202402729.jpg,18,Others,0
202402729.jpg,20,Others,0
202402729.jpg,21,V,2
202402729.jpg,22,Others,0
202402729.jpg,23,Others,0
202402729.jpg,25,I,3
202402729.jpg,27,I,3
202402729.jpg,28,I,3
202402729.jpg,30,Others,0
202402729.jpg,31,Others,0
202402729.jpg,32,Others,0
202402729.jpg,33,T,1
202402729.jpg,34,Others,0
202402729.jpg,37,T,1
202402729.jpg,40,Others,0
202402729.jpg,41,Others,0
202402729.jpg,42,Others,0
202403094.jpg,0,Others,0
202403094.jpg,1,Others,0
202403094.jpg,2,Others,0
202403094.jpg,3,Others,0
202403094.jpg,4,Others,0
202403094.jpg,5,Others,0
202403094.jpg,6,Others,0
202403094.jpg,7,Others,0
202403094.jpg,8,Others,0
202403094.jpg,9,Others,0
202403094.jpg,10,Others,0
202403094.jpg,11,Others,0
202403094.jpg,12,Others,0
202403094.jpg,13,Others,0
202403094.jpg,14,Others,0
202403094.jpg,15,Others,0
202403094.jpg,16,Others,0
202403094.jpg,17,Others,0
202403094.jpg,18,Others,0
202403094.jpg,19,Others,0
202403094.jpg,20,Others,0
202403094.jpg,21,Others,0
202403094.jpg,22,Others,0
202403094.jpg,23,Others,0
202403094.jpg,24,Others,0
202403094.jpg,25,Others,0
202403094.jpg,26,Others,0
202403094.jpg,27,Others,0
202403094.jpg,28,Others,0
202403094.jpg,29,Others,0
202403094.jpg,30,Others,0
202403094.jpg,31,Others,0
202403094.jpg,32,Others,0
202403094.jpg,33,T,1
202403094.jpg,34,T,1
202403094.jpg,35,Others,0
202403094.jpg,36,Others,0
202403094.jpg,37,Others,0
202403094.jpg,38,Others,0
202403094.jpg,39,Others,0
202403094.jpg,40,Others,0
202403094.jpg,41,Others,0
202403094.jpg,42,Others,0
202403094.jpg,43,Others,0
202403094.jpg,44,Others,0
202403749.jpg,2,Others,0
202403749.jpg,3,Others,0
202403749.jpg,4,Others,0
202403749.jpg,5,Others,0
202403749.jpg,6,Others,0
202403749.jpg,7,Others,0
202403749.jpg,8,Others,0
202403749.jpg,9,Others,0
202403749.jpg,10,Others,0
202403749.jpg,11,Others,0
202403749.jpg,12,Others,0
202403749.jpg,14,Others,0
202403749.jpg,15,Others,0
202403749.jpg,16,Others,0
202403749.jpg,17,Others,0
202403749.jpg,18,Others,0
202403749.jpg,19,Others,0
202403749.jpg,20,Others,0
202403749.jpg,21,Others,0
202403749.jpg,22,Others,0
202403749.jpg,23,Others,0
202403749.jpg,24,Others,0
202403749.jpg,25,Others,0
202403749.jpg,26,Others,0
202403749.jpg,27,Others,0
202403749.jpg,29,Others,0
202403749.jpg,30,Others,0
202403749.jpg,31,I,3
202403749.jpg,32,Others,0
202403749.jpg,33,Others,0
202403749.jpg,34,Others,0
202403749.jpg,36,Others,0
202403749.jpg,37,Others,0
202403749.jpg,38,Others,0
202403749.jpg,39,Others,0
202403749.jpg,40,Others,0
202403749.jpg,42,Others,0
202403749.jpg,43,Others,0
202403870.jpg,0,Others,0
202403870.jpg,1,Others,0
202403870.jpg,2,Others,0
202403870.jpg,4,Others,0
202403870.jpg,5,Others,0
202403870.jpg,6,Others,0
202403870.jpg,7,Others,0
202403870.jpg,8,Others,0
202403870.jpg,9,Others,0
202403870.jpg,11,Others,0
202403870.jpg,12,Others,0
202403870.jpg,13,Others,0
202403870.jpg,14,Others,0
202403870.jpg,15,Others,0
202403870.jpg,16,Others,0
202403870.jpg,17,Others,0
202403870.jpg,18,Others,0
202403870.jpg,19,Others,0
202403870.jpg,20,Others,0
202403870.jpg,21,Others,0
202403870.jpg,23,Others,0
202403870.jpg,24,Others,0
202403870.jpg,25,Others,0
202403870.jpg,26,Others,0
202403870.jpg,27,Others,0
202403870.jpg,28,Others,0
202403870.jpg,29,Others,0
202403870.jpg,30,Others,0
202403870.jpg,32,Others,0
202403870.jpg,34,Others,0
202403870.jpg,36,Others,0
202403870.jpg,37,Others,0
202403870.jpg,40,Others,0
202403870.jpg,41,I,3
202403870.jpg,42,Others,0
202403870.jpg,43,Others,0
202403870.jpg,44,Others,0
202403870.jpg,45,Others,0
202403870.jpg,46,Others,0
202403870.jpg,47,Others,0
202403870.jpg,48,Others,0
202403870.jpg,49,I,3
202403870.jpg,50,Others,0
202403870.jpg,51,Others,0
202403870.jpg,52,Others,0
202403870.jpg,53,I,3
202403870.jpg,54,T,1
202403870.jpg,55,T,1
202403870.jpg,56,Others,0
202403870.jpg,57,Others,0
202403870.jpg,58,T,1
202403870.jpg,59,Others,0
202403870.jpg,60,I,3
202403870.jpg,61,Others,0
202403870.jpg,62,Others,0
202403870.jpg,63,Others,0
202403870.jpg,64,T,1
202403870.jpg,65,T,1
202403870.jpg,66,I,3
202403870.jpg,68,Others,0
202403870.jpg,69,T,1
202404082.jpg,1,Others,0
202404082.jpg,2,Others,0
202404082.jpg,3,Others,0
202404082.jpg,4,Others,0
202404222.jpg,0,Others,0
202404222.jpg,1,Others,0
202404222.jpg,2,Others,0
202404222.jpg,4,Others,0
202404222.jpg,5,Others,0
202404222.jpg,7,Others,0
202404222.jpg,8,Others,0
202404222.jpg,10,Others,0
202404222.jpg,12,Others,0
202404222.jpg,13,Others,0
202404222.jpg,14,Others,0
202404222.jpg,15,Others,0
202404222.jpg,16,Others,0
202404222.jpg,17,Others,0
202404222.jpg,18,Others,0
202404222.jpg,19,Others,0
202404222.jpg,20,Others,0
202404222.jpg,21,Others,0
202404222.jpg,22,Others,0
202404222.jpg,23,Others,0
202404222.jpg,24,Others,0
202404222.jpg,25,Others,0
202404222.jpg,26,Others,0
202404222.jpg,27,Others,0
202404222.jpg,28,Others,0
202404222.jpg,29,Others,0
202404222.jpg,30,Others,0
202404222.jpg,31,Others,0
202404222.jpg,32,Others,0
202404222.jpg,33,Others,0
202404222.jpg,34,Others,0
202404222.jpg,35,Others,0
202404222.jpg,36,Others,0
202404222.jpg,37,Others,0
202404222.jpg,38,T,1
202404222.jpg,39,Others,0
202404222.jpg,40,Others,0
202404222.jpg,41,Others,0
202404222.jpg,42,Others,0
202404222.jpg,43,Others,0
202404222.jpg,44,T,1
202404222.jpg,45,Others,0
202404222.jpg,46,T,1
202404222.jpg,47,Others,0
202404222.jpg,48,Others,0
202404222.jpg,49,T,1
202404222.jpg,50,Others,0
202404222.jpg,51,Others,0
202404222.jpg,52,Others,0
202405012.jpg,2,Others,0
202405012.jpg,3,Others,0
202405012.jpg,4,Others,0
202405012.jpg,5,Others,0
202405012.jpg,6,Others,0
202405012.jpg,7,Others,0
202405012.jpg,8,Others,0
202405012.jpg,9,Others,0
202405012.jpg,11,Others,0
202405012.jpg,11,Others,0
202405012.jpg,12,Others,0
202405012.jpg,14,Others,0
202405012.jpg,15,Others,0
202405012.jpg,17,Others,0
202405012.jpg,18,Others,0
202405012.jpg,19,Others,0
202405012.jpg,20,Others,0
202405012.jpg,21,Others,0
202405012.jpg,22,Others,0
202405012.jpg,26,Others,0
202405012.jpg,27,Others,0
202405012.jpg,28,Others,0
202405012.jpg,29,Others,0
202405012.jpg,30,Others,0
202405012.jpg,31,Others,0
202405012.jpg,32,Others,0
202405012.jpg,33,Others,0
202405012.jpg,34,Others,0
202405012.jpg,35,Others,0
202405012.jpg,36,Others,0
202405012.jpg,37,Others,0
202405012.jpg,38,Others,0
202405012.jpg,39,Others,0
202405012.jpg,40,Others,0
202405012.jpg,41,Others,0
202405012.jpg,42,Others,0
202405012.jpg,43,Others,0
202405012.jpg,44,Others,0
202405012.jpg,45,Others,0
202405012.jpg,46,Others,0
202405012.jpg,47,Others,0
202405012.jpg,48,I,3
202405012.jpg,49,Others,0
202405012.jpg,50,Others,0
202405012.jpg,51,Others,0
202405012.jpg,52,Others,0
202405012.jpg,53,Others,0
202405012.jpg,54,Others,0
202405012.jpg,55,Others,0
202405012.jpg,56,Others,0
202405012.jpg,57,T,1
202405012.jpg,58,Others,0
202405012.jpg,59,Others,0
202405012.jpg,60,Others,0
202405012.jpg,61,Others,0
202405012.jpg,62,Others,0
202405012.jpg,63,T,1
202405012.jpg,64,Others,0
202405012.jpg,65,T,1
202405012.jpg,66,Others,0
202405012.jpg,67,Others,0
202405012.jpg,68,Others,0
202405012.jpg,69,Others,0
202405012.jpg,70,Others,0
202405012.jpg,71,Others,0
202405012.jpg,72,Others,0
202405012.jpg,73,Others,0
202405012.jpg,74,Others,0
202405012.jpg,75,Others,0
202405012.jpg,76,Others,0
202405012.jpg,77,Others,0
202405013.jpg,1,Others,0
202405013.jpg,2,Others,0
202405013.jpg,3,Others,0
202405013.jpg,4,Others,0
202405013.jpg,5,Others,0
202405013.jpg,6,Others,0
202405013.jpg,7,Others,0
202405013.jpg,8,Others,0
202405013.jpg,9,Others,0
202405013.jpg,10,Others,0
202405013.jpg,12,Others,0
202405013.jpg,13,V,2
202405013.jpg,16,V,2
202405013.jpg,17,Others,0
202405013.jpg,19,V,2
202405013.jpg,21,Others,0
202405013.jpg,22,Others,0
202405013.jpg,23,Others,0
202405013.jpg,24,Others,0
202405013.jpg,26,Others,0
202405013.jpg,27,Others,0
202405013.jpg,28,Others,0
202405013.jpg,29,Others,0
202405013.jpg,30,Others,0
202405013.jpg,31,Others,0
202405013.jpg,32,Others,0
202405013.jpg,33,Others,0
202405013.jpg,34,T,1
202405013.jpg,35,Others,0
202405013.jpg,36,T,1
202405013.jpg,37,Others,0
202405013.jpg,38,T,1
202405013.jpg,39,T,1
202405013.jpg,40,T,1
202405013.jpg,41,Others,0
202405013.jpg,42,Others,0
202405013.jpg,43,Others,0
202405013.jpg,44,Others,0
202405013.jpg,45,Others,0
202405014.jpg,0,Others,0
202405014.jpg,1,Others,0
202405014.jpg,2,Others,0
202405014.jpg,3,Others,0
202405014.jpg,4,Others,0
202405014.jpg,5,Others,0
202405014.jpg,6,Others,0
202405014.jpg,7,Others,0
202405014.jpg,8,Others,0
202405014.jpg,9,Others,0
202405014.jpg,10,Others,0
202405014.jpg,11,Others,0
202405014.jpg,12,Others,0
202405014.jpg,13,Others,0
202405014.jpg,14,Others,0
202405014.jpg,15,V,2
202405014.jpg,16,Others,0
202405014.jpg,17,V,2
202405014.jpg,18,Others,0
202405014.jpg,19,Others,0
202405014.jpg,20,Others,0
202405014.jpg,21,Others,0
202405014.jpg,22,Others,0
202405014.jpg,23,Others,0
202405014.jpg,24,Others,0
202405014.jpg,25,Others,0
202405014.jpg,26,Others,0
202405014.jpg,27,Others,0
202405014.jpg,28,Others,0
202405014.jpg,29,Others,0
202405014.jpg,30,V,2
202405014.jpg,31,Others,0
202405014.jpg,32,Others,0
202405014.jpg,33,Others,0
202405014.jpg,34,Others,0
202405014.jpg,35,Others,0
202405014.jpg,36,Others,0
202405014.jpg,37,Others,0
202405014.jpg,38,Others,0
202405014.jpg,40,Others,0
202405014.jpg,41,Others,0
202405014.jpg,42,Others,0
202405014.jpg,43,Others,0
202405014.jpg,44,Others,0
202405014.jpg,45,Others,0
202405014.jpg,46,V,2
202405014.jpg,47,Others,0
202405014.jpg,48,Others,0
202405014.jpg,49,Others,0
202405014.jpg,50,Others,0
202405014.jpg,50,Others,0
202405014.jpg,51,Others,0
202405014.jpg,52,Others,0
202405014.jpg,53,V,2
202405014.jpg,54,Others,0
202405014.jpg,55,Others,0
202405014.jpg,56,Others,0
202405014.jpg,57,Others,0
202405014.jpg,58,Others,0
202405014.jpg,59,Others,0
202405014.jpg,60,Others,0
202405014.jpg,61,Others,0
202405014.jpg,62,Others,0
202405014.jpg,63,Others,0
202405014.jpg,64,Others,0
202405014.jpg,65,Others,0
202405014.jpg,66,Others,0
202405014.jpg,67,Others,0
202405014.jpg,68,Others,0
202405014.jpg,69,Others,0
202405014.jpg,70,Others,0
202405014.jpg,72,Others,0
202405014.jpg,73,Others,0
202405014.jpg,75,Others,0
202405014.jpg,76,Others,0
202405014.jpg,77,Others,0
202405014.jpg,78,Others,0
202405014.jpg,79,Others,0
202405014.jpg,80,Others,0
202405014.jpg,81,Others,0
202405014.jpg,82,Others,0
202405319.jpg,0,Others,0
202405319.jpg,1,V,2
202405319.jpg,2,Others,0
202405319.jpg,3,Others,0
202405319.jpg,4,Others,0
202405319.jpg,5,Others,0
202405319.jpg,6,Others,0
202405319.jpg,7,Others,0
202405319.jpg,8,Others,0
202405319.jpg,9,Others,0
202405319.jpg,10,Others,0
202405319.jpg,11,Others,0
202405319.jpg,12,Others,0
202405319.jpg,13,Others,0
202405319.jpg,14,V,2
202405319.jpg,15,Others,0
202405319.jpg,17,Others,0
202405319.jpg,18,Others,0
202405319.jpg,19,Others,0
202405319.jpg,20,Others,0
202405319.jpg,21,Others,0
202405319.jpg,23,Others,0
202405319.jpg,24,Others,0
202405319.jpg,26,Others,0
202405319.jpg,27,T,1
202405319.jpg,28,Others,0
202405319.jpg,29,Others,0
202405319.jpg,30,Others,0
202405319.jpg,31,Others,0
202405319.jpg,32,Others,0
202405319.jpg,33,T,1
202405319.jpg,34,Others,0
202405319.jpg,36,I,3
202405319.jpg,37,T,1
202405319.jpg,38,Others,0
202405319.jpg,39,Others,0
202405319.jpg,40,Others,0
202405319.jpg,42,Others,0
202405319.jpg,43,Others,0
202405319.jpg,44,Others,0
202405759.jpg,1,Others,0
202405759.jpg,2,Others,0
202405759.jpg,3,Others,0
202405759.jpg,4,Others,0
202405759.jpg,5,Others,0
202405759.jpg,6,Others,0
202405759.jpg,7,Others,0
202405759.jpg,8,Others,0
202405759.jpg,9,Others,0
202405759.jpg,10,Others,0
202405759.jpg,11,Others,0
202405759.jpg,12,V,2
202405759.jpg,13,Others,0
202405759.jpg,14,Others,0
202405759.jpg,15,Others,0
202405759.jpg,16,Others,0
202405759.jpg,18,Others,0
202405759.jpg,19,Others,0
202405759.jpg,20,Others,0
202405759.jpg,21,Others,0
202405759.jpg,22,Others,0
202405759.jpg,23,Others,0
202405759.jpg,24,Others,0
202405759.jpg,25,Others,0
202405759.jpg,26,Others,0
202405759.jpg,27,Others,0
202405759.jpg,28,Others,0
202405759.jpg,29,Others,0
202405759.jpg,30,Others,0
202405759.jpg,31,Others,0
202405759.jpg,32,Others,0
202405759.jpg,33,I,3
202405759.jpg,34,Others,0
202405759.jpg,35,Others,0
202405759.jpg,36,Others,0
202405759.jpg,37,Others,0
202405759.jpg,39,Others,0
202405759.jpg,40,Others,0
202405759.jpg,41,Others,0
202405759.jpg,42,Others,0
202405759.jpg,43,Others,0
202405759.jpg,44,Others,0
202405759.jpg,45,Others,0
202405759.jpg,46,Others,0
202405759.jpg,47,Others,0
202308895_2.jpg,39,Others,0
202308895_2.jpg,38,T,1
202308895_2.jpg,37,T,1
202308895_2.jpg,35,T,1
202308895_2.jpg,34,T,1
202308895_2.jpg,33,T,1
202308895_2.jpg,32,I,3
202308895_2.jpg,31,I,3
202308895_2.jpg,30,Stela,6
202308895_2.jpg,29,T,1
202308895_2.jpg,28,Others,0
202308895_2.jpg,27,Others,0
202308895_2.jpg,26,Others,0
202308895_2.jpg,25,Others,0
202308895_2.jpg,24,Stela,6
202308895_2.jpg,23,Stela,6
202308895_2.jpg,22,Others,0
202308895_2.jpg,21,Others,0
202308895_2.jpg,20,Others,0
202308895_2.jpg,19,Others,0
202308895_2.jpg,18,Stela,6
202308895_2.jpg,17,Others,0
202308895_2.jpg,16,Others,0
202308895_2.jpg,15,Others,0
202308895_2.jpg,13,Others,0
202308895_2.jpg,12,Others,0
202308895_2.jpg,6,Others,0
202308895_2.jpg,5,Others,0
202308895_2.jpg,3,Others,0
202308895_2.jpg,2,Others,0
202308895_2.jpg,1,Others,0
202308895_2.jpg,0,Others,0
202308895_3.jpg,50,Others,0
202308895_3.jpg,49,Others,0
202308895_3.jpg,48,Others,0
202308895_3.jpg,47,Others,0
202308895_3.jpg,45,T,1
202308895_3.jpg,44,T,1
202308895_3.jpg,43,T,1
202308895_3.jpg,41,T,1
202308895_3.jpg,40,T,1
202308895_3.jpg,39,T,1
202308895_3.jpg,38,T,1
202308895_3.jpg,37,T,1
202308895_3.jpg,36,T,1
202308895_3.jpg,35,T,1
202308895_3.jpg,31,Stela,6
202308895_3.jpg,30,Others,0
202308895_3.jpg,29,Others,0
202308895_3.jpg,28,Others,0
202308895_3.jpg,27,Others,0
202308895_3.jpg,26,Others,0
202308895_3.jpg,25,Stela,6
202308895_3.jpg,24,Others,0
202308895_3.jpg,23,Stela,6
202308895_3.jpg,22,Others,0
202308895_3.jpg,20,Others,0
202308895_3.jpg,18,Others,0
202308895_3.jpg,17,Others,0
202308895_3.jpg,16,Others,0
202308895_3.jpg,15,Others,0
202308895_3.jpg,14,Others,0
202308895_3.jpg,13,Others,0
202308895_3.jpg,12,Others,0
202308895_3.jpg,11,Others,0
202308895_3.jpg,10,Others,0
202308895_3.jpg,9,Others,0
202308895_3.jpg,8,Others,0
202308895_3.jpg,7,Others,0
202308895_3.jpg,6,Others,0
202308895_3.jpg,5,Others,0
202308895_3.jpg,4,Others,0
202308895_3.jpg,3,Others,0
202308895_3.jpg,2,Others,0
202308895_3.jpg,1,Others,0
202308895_3.jpg,0,Others,0
202308895_4.jpg,26,Others,0
202308895_4.jpg,25,Others,0
202308895_4.jpg,16,Stela,6
202308895_4.jpg,9,Others,0
202308895_4.jpg,5,Others,0
202308895_4.jpg,3,Others,0
202308895_4.jpg,2,Others,0
202308895_4.jpg,1,Others,0
202308895_4.jpg,0,Others,0
202308896_2.jpg,41,Others,0
202308896_2.jpg,39,Others,0
202308896_2.jpg,38,Others,0
202308896_2.jpg,37,Others,0
202308896_2.jpg,36,Others,0
202308896_2.jpg,35,T,1
202308896_2.jpg,34,T,1
202308896_2.jpg,33,Others,0
202308896_2.jpg,31,T,1
202308896_2.jpg,30,Others,0
202308896_2.jpg,29,T,1
202308896_2.jpg,28,V,2
202308896_2.jpg,24,V,2
202308896_2.jpg,23,Others,0
202308896_2.jpg,22,V,2
202308896_2.jpg,21,Others,0
202308896_2.jpg,20,Others,0
202308896_2.jpg,19,Others,0
202308896_2.jpg,18,Others,0
202308896_2.jpg,17,Others,0
202308896_2.jpg,16,Others,0
202308896_2.jpg,15,Others,0
202308896_2.jpg,14,V,2
202308896_2.jpg,13,Others,0
202308896_2.jpg,12,Others,0
202308896_2.jpg,10,Others,0
202308896_2.jpg,9,Others,0
202308896_2.jpg,8,Others,0
202308896_2.jpg,7,Others,0
202308896_2.jpg,6,Others,0
202308896_2.jpg,5,Others,0
202308896_2.jpg,4,Others,0
202308896_2.jpg,3,Others,0
202308896_2.jpg,2,Others,0
202308896_2.jpg,1,Others,0
202308896_2.jpg,42,Others,0
202308896_3.jpg,55,Others,0
202308896_3.jpg,54,Others,0
202308896_3.jpg,53,Others,0
202308896_3.jpg,52,Others,0
202308896_3.jpg,51,Others,0
202308896_3.jpg,49,T,1
202308896_3.jpg,48,T,1
202308896_3.jpg,47,T,1
202308896_3.jpg,46,T,1
202308896_3.jpg,45,Others,0
202308896_3.jpg,43,I,3
202308896_3.jpg,42,T,1
202308896_3.jpg,41,Others,0
202308896_3.jpg,40,T,1
202308896_3.jpg,39,I,3
202308896_3.jpg,34,Others,0
202308896_3.jpg,33,Others,0
202308896_3.jpg,30,V,2
202308896_3.jpg,28,Others,0
202308896_3.jpg,27,Others,0
202308896_3.jpg,26,Others,0
202308896_3.jpg,23,Others,0
202308896_3.jpg,22,Others,0
202308896_3.jpg,21,Others,0
202308896_3.jpg,20,Others,0
202308896_3.jpg,19,Others,0
202308896_3.jpg,18,Others,0
202308896_3.jpg,17,V,2
202308896_3.jpg,16,Others,0
202308896_3.jpg,15,Others,0
202308896_3.jpg,14,V,2
202308896_3.jpg,13,Others,0
202308896_3.jpg,12,Others,0
202308896_3.jpg,11,Others,0
202308896_3.jpg,10,Others,0
202308896_3.jpg,9,Others,0
202308896_3.jpg,8,Others,0
202308896_3.jpg,7,Others,0
202308896_3.jpg,6,Others,0
202308896_3.jpg,5,Others,0
202308896_3.jpg,4,Others,0
202308896_3.jpg,3,Others,0
202308896_3.jpg,2,Others,0
202308896_4.jpg,38,Others,0
202308896_4.jpg,37,Others,0
202308896_4.jpg,36,Others,0
202308896_4.jpg,35,T,1
202308896_4.jpg,34,T,1
202308896_4.jpg,30,T,1
202308896_4.jpg,29,T,1
202308896_4.jpg,28,T,1
202308896_4.jpg,27,T,1
202308896_4.jpg,26,T,1
202308896_4.jpg,25,I,3
202308896_4.jpg,24,T,1
202308896_4.jpg,23,Others,0
202308896_4.jpg,22,Others,0
202308896_4.jpg,21,Others,0
202308896_4.jpg,20,Others,0
202308896_4.jpg,18,Others,0
202308896_4.jpg,17,Others,0
202308896_4.jpg,16,Others,0
202308896_4.jpg,14,Others,0
202308896_4.jpg,13,Others,0
202308896_4.jpg,12,Others,0
202308896_4.jpg,11,Others,0
202308896_4.jpg,10,Others,0
202308896_4.jpg,9,Others,0
202308896_4.jpg,8,Others,0
202308896_4.jpg,7,Others,0
202308896_4.jpg,6,Others,0
202308896_4.jpg,5,Others,0
202308896_4.jpg,4,Others,0
202308896_4.jpg,3,Others,0
202308896_4.jpg,2,Others,0
202308896_4.jpg,1,Others,0
202308896_4.jpg,0,Others,0
202308941_2.jpg,37,Others,0
202308941_2.jpg,36,Others,0
202308941_2.jpg,35,Others,0
202308941_2.jpg,34,Others,0
202308941_2.jpg,33,T,1
202308941_2.jpg,32,T,1
202308941_2.jpg,31,Others,0
202308941_2.jpg,30,T,1
202308941_2.jpg,29,I,3
202308941_2.jpg,28,Others,0
202308941_2.jpg,27,Others,0
202308941_2.jpg,26,Others,0
202308941_2.jpg,25,Others,0
202308941_2.jpg,23,Others,0
202308941_2.jpg,22,Others,0
202308941_2.jpg,21,V,2
202308941_2.jpg,20,Others,0
202308941_2.jpg,19,V,2
202308941_2.jpg,18,Others,0
202308941_2.jpg,17,V,2
202308941_2.jpg,16,Others,0
202308941_2.jpg,15,Others,0
202308941_2.jpg,14,Others,0
202308941_2.jpg,13,Others,0
202308941_2.jpg,12,Others,0
202308941_2.jpg,11,Others,0
202308941_2.jpg,10,Others,0
202308941_2.jpg,9,Others,0
202308941_2.jpg,8,Others,0
202308941_2.jpg,7,Others,0
202308941_2.jpg,6,Others,0
202308941_2.jpg,5,Others,0
202308941_2.jpg,4,Others,0
202308941_2.jpg,3,Others,0
202308941_2.jpg,2,Others,0
202308941_2.jpg,1,Others,0
202308941_2.jpg,0,Others,0
202308941_3.jpg,29,Others,0
202308941_3.jpg,28,T,1
202308941_3.jpg,27,Others,0
202308941_3.jpg,26,I,3
202308941_3.jpg,25,I,3
202308941_3.jpg,24,Others,0
202308941_3.jpg,23,Others,0
202308941_3.jpg,22,T,1
202308941_3.jpg,21,Others,0
202308941_3.jpg,20,Others,0
202308941_3.jpg,19,Others,0
202308941_3.jpg,17,I,3
202308941_3.jpg,16,Others,0
202308941_3.jpg,15,I,3
202308941_3.jpg,14,Others,0
202308941_3.jpg,12,Others,0
202308941_3.jpg,11,Others,0
202308941_3.jpg,10,Others,0
202308941_3.jpg,9,Others,0
202308941_3.jpg,8,Others,0
202308941_3.jpg,7,Others,0
202308941_3.jpg,6,Others,0
202308941_3.jpg,5,Others,0
202308941_3.jpg,4,Others,0
202308941_3.jpg,3,Others,0
202308941_3.jpg,2,Others,0
202308941_3.jpg,1,Others,0
202308941_3.jpg,0,Others,0
202308941_4.jpg,40,T,1
202308941_4.jpg,38,T,1
202308941_4.jpg,37,T,1
202308941_4.jpg,36,T,1
202308941_4.jpg,34,Others,0
202308941_4.jpg,33,I,3
202308941_4.jpg,32,Others,0
202308941_4.jpg,31,Others,0
202308941_4.jpg,30,Others,0
202308941_4.jpg,29,Others,0
202308941_4.jpg,28,Others,0
202308941_4.jpg,27,Others,0
202308941_4.jpg,26,Others,0
202308941_4.jpg,25,Others,0
202308941_4.jpg,24,Others,0
202308941_4.jpg,23,Others,0
202308941_4.jpg,22,Others,0
202308941_4.jpg,21,Others,0
202308941_4.jpg,20,Others,0
202308941_4.jpg,19,Others,0
202308941_4.jpg,18,Others,0
202308941_4.jpg,17,Others,0
202308941_4.jpg,16,Others,0
202308941_4.jpg,15,Others,0
202308941_4.jpg,14,Others,0
202308941_4.jpg,13,Others,0
202308941_4.jpg,12,Others,0
202308941_4.jpg,11,Others,0
202308941_4.jpg,10,Others,0
202308941_4.jpg,9,Others,0
202308941_4.jpg,8,Others,0
202308941_4.jpg,7,Others,0
202308941_4.jpg,6,Others,0
202308941_4.jpg,5,Others,0
202308941_4.jpg,4,Others,0
202308941_4.jpg,3,Others,0
202308941_4.jpg,2,Others,0
202308941_4.jpg,1,Others,0
202309626_2.jpg,36,Others,0
202309626_2.jpg,35,Others,0
202309626_2.jpg,34,Others,0
202309626_2.jpg,32,Others,0
202309626_2.jpg,31,T,1
202309626_2.jpg,30,T,1
202309626_2.jpg,29,T,1
202309626_2.jpg,28,T,1
202309626_2.jpg,26,I,3
202309626_2.jpg,25,Others,0
202309626_2.jpg,24,Others,0
202309626_2.jpg,23,Stela,6
202309626_2.jpg,22,I,3
202309626_2.jpg,21,Others,0
202309626_2.jpg,20,Others,0
202309626_2.jpg,19,Stela,6
202309626_2.jpg,17,Others,0
202309626_2.jpg,16,Others,0
202309626_2.jpg,15,Others,0
202309626_2.jpg,14,Others,0
202309626_2.jpg,13,Others,0
202309626_2.jpg,12,Others,0
202309626_2.jpg,11,Others,0
202309626_2.jpg,10,Others,0
202309626_2.jpg,9,Others,0
202309626_2.jpg,8,Others,0
202309626_2.jpg,7,Others,0
202309626_2.jpg,6,Others,0
202309626_2.jpg,5,Others,0
202309626_2.jpg,4,Others,0
202309626_2.jpg,3,Others,0
202309626_2.jpg,2,Others,0
202309626_3.jpg,38,Others,0
202309626_3.jpg,37,Others,0
202309626_3.jpg,36,Others,0
202309626_3.jpg,35,Others,0
202309626_3.jpg,34,Others,0
202309626_3.jpg,33,T,1
202309626_3.jpg,31,T,1
202309626_3.jpg,29,I,3
202309626_3.jpg,28,T,1
202309626_3.jpg,27,T,1
202309626_3.jpg,26,Stela,6
202309626_3.jpg,25,Stela,6
202309626_3.jpg,24,Others,0
202309626_3.jpg,23,Stela,6
202309626_3.jpg,21,Others,0
202309626_3.jpg,20,Stela,6
202309626_3.jpg,19,Stela,6
202309626_3.jpg,18,Others,0
202309626_3.jpg,17,Others,0
202309626_3.jpg,16,Others,0
202309626_3.jpg,15,Stela,6
202309626_3.jpg,14,Others,0
202309626_3.jpg,13,Others,0
202309626_3.jpg,12,Others,0
202309626_3.jpg,11,Others,0
202309626_3.jpg,10,Others,0
202309626_3.jpg,9,Others,0
202309626_3.jpg,8,Others,0
202309626_3.jpg,7,Others,0
202309626_3.jpg,6,Others,0
202309626_3.jpg,5,Others,0
202309626_3.jpg,4,Others,0
202309626_3.jpg,3,Others,0
202309626_3.jpg,2,Others,0
202309626_3.jpg,1,Others,0
202309626_3.jpg,0,Others,0
202309626_4.jpg,30,Others,0
202309626_4.jpg,29,Others,0
202309626_4.jpg,28,Others,0
202309626_4.jpg,27,Others,0
202309626_4.jpg,26,Others,0
202309626_4.jpg,25,T,1
202309626_4.jpg,23,T,1
202309626_4.jpg,22,Others,0
202309626_4.jpg,21,Others,0
202309626_4.jpg,20,Others,0
202309626_4.jpg,19,Others,0
202309626_4.jpg,18,Others,0
202309626_4.jpg,17,Others,0
202309626_4.jpg,16,Others,0
202309626_4.jpg,15,Others,0
202309626_4.jpg,14,Others,0
202309626_4.jpg,13,Others,0
202309626_4.jpg,12,Others,0
202309626_4.jpg,11,Others,0
202309626_4.jpg,10,Others,0
202309626_4.jpg,9,Others,0
202309626_4.jpg,8,Others,0
202309626_4.jpg,7,Others,0
202309626_4.jpg,6,Others,0
202309626_4.jpg,5,Others,0
202309626_4.jpg,4,Others,0
202309626_4.jpg,3,Others,0
202309626_4.jpg,2,Others,0
202309626_4.jpg,1,Others,0
202309626_4.jpg,0,Others,0
202400453_2.jpg,55,Others,0
202400453_2.jpg,54,Others,0
202400453_2.jpg,53,Others,0
202400453_2.jpg,52,Others,0
202400453_2.jpg,51,Others,0
202400453_2.jpg,49,Others,0
202400453_2.jpg,48,Others,0
202400453_2.jpg,47,Others,0
202400453_2.jpg,46,Others,0
202400453_2.jpg,45,Others,0
202400453_2.jpg,44,T,1
202400453_2.jpg,43,Others,0
202400453_2.jpg,41,Others,0
202400453_2.jpg,40,Others,0
202400453_2.jpg,39,Others,0
202400453_2.jpg,38,Others,0
202400453_2.jpg,37,Others,0
202400453_2.jpg,36,Others,0
202400453_2.jpg,35,T,1
202400453_2.jpg,34,Others,0
202400453_2.jpg,33,Others,0
202400453_2.jpg,32,Others,0
202400453_2.jpg,31,Others,0
202400453_2.jpg,30,Others,0
202400453_2.jpg,29,Others,0
202400453_2.jpg,28,Stela,6
202400453_2.jpg,27,Others,0
202400453_2.jpg,26,Others,0
202400453_2.jpg,25,Others,0
202400453_2.jpg,24,Others,0
202400453_2.jpg,23,Others,0
202400453_2.jpg,22,V,2
202400453_2.jpg,20,Others,0
202400453_2.jpg,19,Others,0
202400453_2.jpg,18,Others,0
202400453_2.jpg,17,Others,0
202400453_2.jpg,16,Others,0
202400453_2.jpg,15,Others,0
202400453_2.jpg,14,Others,0
202400453_2.jpg,13,Others,0
202400453_2.jpg,12,Others,0
202400453_2.jpg,11,Others,0
202400453_2.jpg,9,V,2
202400453_2.jpg,8,T,1
202400453_2.jpg,7,Others,0
202400453_2.jpg,6,Others,0
202400453_2.jpg,5,Others,0
202400453_2.jpg,4,Others,0
202400453_2.jpg,3,Others,0
202400453_2.jpg,2,Others,0
202400453_2.jpg,1,Others,0
202400453_4.jpg,31,Others,0
202400453_4.jpg,30,Others,0
202400453_4.jpg,29,T,1
202400453_4.jpg,27,T,1
202400453_4.jpg,26,T,1
202400453_4.jpg,25,Others,0
202400453_4.jpg,24,T,1
202400453_4.jpg,23,T,1
202400453_4.jpg,22,T,1
202400453_4.jpg,21,T,1
202400453_4.jpg,20,Others,0
202400453_4.jpg,19,Others,0
202400453_4.jpg,17,Others,0
202400453_4.jpg,16,Others,0
202400453_4.jpg,15,Others,0
202400453_4.jpg,14,Others,0
202400453_4.jpg,11,Others,0
202400453_4.jpg,10,Others,0
202400453_4.jpg,9,Others,0
202400453_4.jpg,8,Others,0
202400453_4.jpg,7,Others,0
202400453_4.jpg,6,Others,0
202400453_4.jpg,5,Others,0
202400453_4.jpg,4,Others,0
202400453_4.jpg,3,Others,0
202400453_4.jpg,2,Others,0
202400453_4.jpg,1,Others,0
202400453_4.jpg,0,Others,0
202308895.jpg,44,Others,0
202308895_2.jpg,41,Others,0
202308895_2.jpg,40,Others,0
202308895_2.jpg,14,Others,0
202308895_2.jpg,11,Others,0
202308895_2.jpg,10,Others,0
202308895_2.jpg,9,Others,0
202308895_2.jpg,8,Others,0
202308895_2.jpg,4,Others,0
202308895_3.jpg,42,Others,0
202308895_3.jpg,32,Others,0
202308895_3.jpg,21,Others,0
202308895_3.jpg,19,Others,0
202401408_2.jpg,75,Others,0
202401408_2.jpg,74,Others,0
202401408_2.jpg,73,Others,0
202401408_2.jpg,72,Others,0
202401408_2.jpg,70,Others,0
202401408_2.jpg,69,Others,0
202401408_2.jpg,67,Others,0
202401408_2.jpg,66,Others,0
202401408_2.jpg,65,Others,0
202401408_2.jpg,64,Others,0
202401408_2.jpg,63,Others,0
202401408_2.jpg,62,Others,0
202401408_2.jpg,61,Others,0
202401408_2.jpg,60,Others,0
202401408_2.jpg,59,V,2
202401408_2.jpg,58,Others,0
202401408_2.jpg,57,Others,0
202401408_2.jpg,55,V,2
202401408_2.jpg,54,Others,0
202401408_2.jpg,50,Others,0
202401408_2.jpg,49,V,2
202401408_2.jpg,48,Others,0
202401408_2.jpg,45,V,2
202401408_2.jpg,44,Others,0
202401408_2.jpg,43,V,2
202401408_2.jpg,42,V,2
202401408_2.jpg,40,Others,0
202401408_2.jpg,38,V,2
202401408_2.jpg,36,V,2
202401408_2.jpg,33,V,2
202401408_2.jpg,31,Others,0
202401408_2.jpg,30,Others,0
202401408_2.jpg,28,Others,0
202401408_2.jpg,27,Others,0
202401408_2.jpg,26,Others,0
202401408_2.jpg,23,Others,0
202401408_2.jpg,21,Others,0
202401408_2.jpg,20,Others,0
202401408_2.jpg,19,Others,0
202401408_2.jpg,18,Others,0
202401408_2.jpg,17,Others,0
202401408_2.jpg,16,Others,0
202401408_2.jpg,15,V,2
202401408_2.jpg,14,Others,0
202401408_2.jpg,13,Others,0
202401408_2.jpg,12,Others,0
202401408_2.jpg,11,Others,0
202401408_2.jpg,10,Others,0
202401408_2.jpg,9,Others,0
202401408_2.jpg,8,Others,0
202401408_2.jpg,7,Others,0
202401408_2.jpg,6,Others,0
202401408_2.jpg,5,Others,0
202401408_2.jpg,4,Others,0
202401408_2.jpg,3,Others,0
202401408_2.jpg,2,Others,0
202401408_2.jpg,1,Others,0
202401408_2.jpg,0,Others,0
202401408_3.jpg,42,Others,0
202401408_3.jpg,41,Others,0
202401408_3.jpg,40,Others,0
202401408_3.jpg,39,Others,0
202401408_3.jpg,30,V,2
202401408_3.jpg,26,Stela,6
202401408_3.jpg,24,Others,0
202401408_3.jpg,21,Stela,6
202401408_3.jpg,18,Others,0
202401408_3.jpg,17,Others,0
202401408_3.jpg,13,Stela,6
202401408_3.jpg,11,Others,0
202401408_3.jpg,10,Others,0
202401408_3.jpg,9,Others,0
202401408_3.jpg,8,Others,0
202401408_3.jpg,7,Others,0
202401408_3.jpg,6,Others,0
202401408_3.jpg,5,Others,0
202401408_3.jpg,4,Others,0
202401408_3.jpg,3,Others,0
202401408_3.jpg,2,Others,0
202401408_3.jpg,1,Others,0
202401693_2.jpg,43,Others,0
202401693_2.jpg,42,Others,0
202401693_2.jpg,41,Others,0
202401693_2.jpg,40,Others,0
202401693_2.jpg,39,Others,0
202401693_2.jpg,36,Others,0
202401693_2.jpg,35,V,2
202401693_2.jpg,34,V,2
202401693_2.jpg,32,Others,0
202401693_2.jpg,30,Others,0
202401693_2.jpg,26,V,2
202401693_2.jpg,25,Others,0
202401693_2.jpg,24,Others,0
202401693_2.jpg,23,Others,0
202401693_2.jpg,22,Others,0
202401693_2.jpg,21,Others,0
202401693_2.jpg,20,Others,0
202401693_2.jpg,19,Others,0
202401693_2.jpg,18,Others,0
202401693_2.jpg,17,Others,0
202401693_2.jpg,16,Others,0
202401693_2.jpg,15,Others,0
202401693_2.jpg,14,Others,0
202401693_2.jpg,13,Others,0
202401693_2.jpg,12,Others,0
202401693_2.jpg,11,Others,0
202401693_2.jpg,10,Others,0
202401693_2.jpg,9,Others,0
202401693_2.jpg,8,Others,0
202401693_2.jpg,7,Others,0
202401693_2.jpg,6,Others,0
202401693_2.jpg,5,Others,0
202401693_2.jpg,4,Others,0
202401693_2.jpg,3,Others,0
202401693_2.jpg,2,Others,0
202402728.jpg,21,Others,0
202402728.jpg,19,Others,0
202402728.jpg,16,Others,0
202402728.jpg,15,Others,0
202402728.jpg,14,Others,0
202402728.jpg,13,Others,0
202402728.jpg,11,Others,0
202402728_2.jpg,9,Others,0
202402728_2.jpg,65,Others,0
202402728_2.jpg,64,Others,0
202402728_2.jpg,63,T,1
202402728_2.jpg,62,T,1
202402728_2.jpg,61,T,1
202402728_2.jpg,60,T,1
202402728_2.jpg,59,T,1
202402728_2.jpg,58,T,1
202402728_2.jpg,57,T,1
202402728_2.jpg,56,Others,0
202402728_2.jpg,53,Others,0
202402728_2.jpg,52,T,1
202402728_2.jpg,50,T,1
202402728_2.jpg,49,T,1
202402728_2.jpg,47,Others,0
202402728_2.jpg,46,Others,0
202402728_2.jpg,44,Others,0
202402728_2.jpg,43,Others,0
202402728_2.jpg,42,Others,0
202402728_2.jpg,41,Others,0
202402728_2.jpg,40,Others,0
202402728_2.jpg,39,Others,0
202402728_2.jpg,38,Others,0
202402728_2.jpg,37,Others,0
202402728_2.jpg,36,Others,0
202402728_2.jpg,34,Others,0
202402728_2.jpg,33,Others,0
202402728_2.jpg,32,Others,0
202402728_2.jpg,31,Others,0
202402728_2.jpg,30,Others,0
202402728_2.jpg,29,Others,0
202402728_2.jpg,28,Others,0
202402728_2.jpg,27,Others,0
202402728_2.jpg,26,Others,0
202402728_2.jpg,25,Others,0
202402728_2.jpg,24,Others,0
202402728_2.jpg,23,Others,0
202402728_2.jpg,22,Others,0
202402728_2.jpg,21,Others,0
202402728_2.jpg,20,Others,0
202402728_2.jpg,19,Others,0
202402728_2.jpg,18,Others,0
202402728_2.jpg,17,Others,0
202402728_2.jpg,15,Others,0
202402728_2.jpg,16,Others,0
202402728_2.jpg,14,Others,0
202402728_2.jpg,13,Others,0
202402728_2.jpg,12,Others,0
202402728_2.jpg,11,Others,0
202402728_2.jpg,10,Others,0
202402728_2.jpg,8,Others,0
202402728_2.jpg,7,Others,0
202402728_2.jpg,6,Others,0
202402728_2.jpg,5,Others,0
202402728_2.jpg,4,Others,0
202402728_2.jpg,3,Others,0
202402728_2.jpg,2,Others,0
202402728_2.jpg,1,Others,0
202402728_3.jpg,62,T,1
202402728_3.jpg,61,T,1
202402728_3.jpg,60,T,1
202402728_3.jpg,59,T,1
202402728_3.jpg,58,T,1
202402728_3.jpg,57,T,1
202402728_3.jpg,56,T,1
202402728_3.jpg,55,T,1
202402728_3.jpg,54,Others,0
202402728_3.jpg,53,T,1
202402728_3.jpg,52,T,1
202402728_3.jpg,51,T,1
202402728_3.jpg,50,Others,0
202402728_3.jpg,49,Others,0
202402728_3.jpg,48,Stela,6
202402728_3.jpg,47,Stela,6
202402728_3.jpg,46,Others,0
202402728_3.jpg,45,Others,0
202402728_3.jpg,44,Others,0
202402728_3.jpg,42,Others,0
202402728_3.jpg,41,Others,0
202402728_3.jpg,40,Others,0
202402728_3.jpg,39,Others,0
202402728_3.jpg,38,Others,0
202402728_3.jpg,37,Others,0
202402728_3.jpg,36,Others,0
202402728_3.jpg,35,Others,0
202402728_3.jpg,34,Others,0
202402728_3.jpg,33,Others,0
202402728_3.jpg,32,Others,0
202402728_3.jpg,31,Others,0
202402728_3.jpg,30,Others,0
202402728_3.jpg,29,Others,0
202402728_3.jpg,28,Others,0
202402728_3.jpg,27,Others,0
202402728_3.jpg,26,Others,0
202402728_3.jpg,25,Others,0
202402728_3.jpg,24,Others,0
202402728_3.jpg,23,Others,0
202402728_3.jpg,22,Others,0
202402728_3.jpg,21,Others,0
202402728_3.jpg,20,Others,0
202402728_3.jpg,19,Others,0
202402728_3.jpg,18,Others,0
202402728_3.jpg,17,Others,0
202402728_3.jpg,16,Others,0
202402728_3.jpg,15,Others,0
202402728_3.jpg,14,Others,0
202402728_3.jpg,13,Others,0
202402728_3.jpg,12,Others,0
202402728_3.jpg,11,Others,0
202402728_3.jpg,10,Others,0
202402728_3.jpg,9,Others,0
202402728_3.jpg,8,Others,0
202402728_3.jpg,7,Others,0
202402728_3.jpg,6,Others,0
202402728_3.jpg,5,Others,0
202402728_3.jpg,4,Others,0
202402728_3.jpg,3,Others,0
202402728_3.jpg,2,Others,0
202402728_3.jpg,1,Others,0
202402728_3.jpg,0,Others,0
202402728_4.jpg,27,T,1
202402728_4.jpg,26,T,1
202402728_4.jpg,25,T,1
202402728_4.jpg,24,T,1
202402728_4.jpg,23,T,1
202402728_4.jpg,22,T,1
202402728_4.jpg,21,Others,0
202402728_4.jpg,20,Others,0
202402728_4.jpg,19,T,1
202402728_4.jpg,18,Others,0
202402728_4.jpg,17,Others,0
202402728_4.jpg,12,Others,0
202402728_4.jpg,11,Others,0
202402728_4.jpg,10,Others,0
202402728_4.jpg,9,Others,0
202402728_4.jpg,8,Others,0
202402728_4.jpg,7,Others,0
202402728_4.jpg,6,Others,0
202402728_4.jpg,5,Others,0
202402728_4.jpg,4,Others,0
202402728_4.jpg,3,Others,0
202402728_4.jpg,2,Others,0
202402728_4.jpg,1,Others,0
202402728_4.jpg,0,Others,0
202402729_2.jpg,46,Others,0
202402729_2.jpg,45,Others,0
202402729_2.jpg,44,Others,0
202402729_2.jpg,43,Others,0
202402729_2.jpg,42,T,1
202402729_2.jpg,41,Others,0
202402729_2.jpg,40,T,1
202402729_2.jpg,39,I,3
202402729_2.jpg,38,T,1
202402729_2.jpg,37,T,1
202402729_2.jpg,36,I,3
202402729_2.jpg,35,Others,0
202402729_2.jpg,34,Others,0
202402729_2.jpg,33,Others,0
202402729_2.jpg,32,Others,0
202402729_2.jpg,31,V,2
202402729_2.jpg,30,Others,0
202402729_2.jpg,29,Others,0
202402729_2.jpg,28,Others,0
202402729_2.jpg,27,Others,0
202402729_2.jpg,26,Others,0
202402729_2.jpg,25,Others,0
202402729_2.jpg,24,Others,0
202402729_2.jpg,23,Others,0
202402729_2.jpg,22,Others,0
202402729_2.jpg,21,V,2
202402729_2.jpg,20,Others,0
202402729_2.jpg,19,Stela,6
202402729_2.jpg,18,Others,0
202402729_2.jpg,17,Others,0
202402729_2.jpg,16,Others,0
202402729_2.jpg,15,Others,0
202402729_2.jpg,14,Others,0
202402729_2.jpg,13,Others,0
202402729_2.jpg,12,Others,0
202402729_2.jpg,11,Others,0
202402729_2.jpg,10,Others,0
202402729_2.jpg,9,V,2
202402729_2.jpg,8,Others,0
202402729_2.jpg,7,Others,0
202402729_2.jpg,6,Others,0
202402729_2.jpg,5,Others,0
202402729_3.jpg,34,Others,0
202402729_3.jpg,33,T,1
202402729_3.jpg,32,T,1
202402729_3.jpg,31,T,1
202402729_3.jpg,30,T,1
202402729_3.jpg,29,T,1
202402729_3.jpg,28,Others,0
202402729_3.jpg,27,T,1
202402729_3.jpg,26,T,1
202402729_3.jpg,25,Others,0
202402729_3.jpg,24,Others,0
202402729_3.jpg,23,Others,0
202402729_3.jpg,22,Others,0
202402729_3.jpg,21,V,2
202402729_3.jpg,20,Stela,6
202402729_3.jpg,19,Others,0
202402729_3.jpg,18,Stela,6
202402729_3.jpg,17,V,2
202402729_3.jpg,16,Stela,6
202402729_3.jpg,15,Others,0
202402729_3.jpg,14,Others,0
202402729_3.jpg,13,Others,0
202402729_3.jpg,12,Others,0
202402729_3.jpg,11,Stela,6
202402729_3.jpg,10,Others,0
202402729_3.jpg,9,Stela,6
202402729_3.jpg,8,Stela,6
202402729_3.jpg,7,Others,0
202402729_3.jpg,6,Others,0
202402729_3.jpg,5,Others,0
202402729_3.jpg,4,Others,0
202402729_3.jpg,3,Others,0
202402729_3.jpg,2,Others,0
202402729_3.jpg,1,Others,0
202402729_3.jpg,0,Others,0
202402729_4.jpg,39,Others,0
202402729_4.jpg,38,Others,0
202402729_4.jpg,37,Others,0
202402729_4.jpg,36,Others,0
202402729_4.jpg,35,Others,0
202402729_4.jpg,34,Others,0
202402729_4.jpg,33,Others,0
202402729_4.jpg,32,Others,0
202402729_4.jpg,31,Others,0
202402729_4.jpg,30,Others,0
202402729_4.jpg,29,Others,0
202402729_4.jpg,28,T,1
202402729_4.jpg,27,Others,0
202402729_4.jpg,26,Others,0
202402729_4.jpg,25,T,1
202402729_4.jpg,24,T,1
202402729_4.jpg,23,T,1
202402729_4.jpg,22,Others,0
202402729_4.jpg,21,Others,0
202402729_4.jpg,19,Stela,6
202402729_4.jpg,18,Others,0
202402729_4.jpg,17,Others,0
202402729_4.jpg,16,Others,0
202402729_4.jpg,15,Others,0
202402729_4.jpg,14,Others,0
202402729_4.jpg,13,Others,0
202402729_4.jpg,12,Others,0
202402729_4.jpg,11,Others,0
202402729_4.jpg,10,Others,0
202402729_4.jpg,9,Others,0
202402729_4.jpg,8,Others,0
202402729_4.jpg,7,Others,0
202402729_4.jpg,6,Others,0
202402729_4.jpg,5,Others,0
202402729_4.jpg,4,Others,0
202402729_4.jpg,3,Others,0
202402729_4.jpg,2,Others,0
202402729_4.jpg,1,Others,0
202402729_4.jpg,0,Others,0
202403094_2.jpg,30,Others,0
202403094_2.jpg,29,Others,0
202403094_2.jpg,28,Others,0
202403094_2.jpg,27,Others,0
202403094_2.jpg,26,Others,0
202403094_2.jpg,25,Others,0
202403094_2.jpg,24,Others,0
202403094_2.jpg,23,Others,0
202403094_2.jpg,22,Others,0
202403094_2.jpg,21,T,1
202403094_2.jpg,20,T,1
202403094_2.jpg,19,Others,0
202403094_2.jpg,18,Others,0
202403094_2.jpg,17,Others,0
202403094_2.jpg,16,Others,0
202403094_2.jpg,15,Others,0
202403094_2.jpg,14,Others,0
202403094_2.jpg,13,Others,0
202403094_2.jpg,12,Others,0
202403094_2.jpg,11,Others,0
202403094_2.jpg,10,Others,0
202403094_2.jpg,9,Others,0
202403094_2.jpg,8,Others,0
202403094_2.jpg,7,Others,0
202403094_2.jpg,6,Others,0
202403094_2.jpg,5,Others,0
202403094_2.jpg,4,Others,0
202403094_2.jpg,3,Others,0
202403094_2.jpg,2,Others,0
202403094_2.jpg,1,Others,0
202403094_2.jpg,0,Others,0
202403094_3.jpg,14,Others,0
202403094_3.jpg,13,Others,0
202403094_3.jpg,12,Others,0
202403094_3.jpg,11,Others,0
202403094_3.jpg,10,T,1
202403094_3.jpg,9,T,1
202403094_3.jpg,8,Others,0
202403094_3.jpg,7,Others,0
202403094_3.jpg,6,Others,0
202403094_3.jpg,5,Others,0
202403094_3.jpg,4,Others,0
202403094_3.jpg,3,Others,0
202403094_3.jpg,2,Others,0
202403094_3.jpg,1,Others,0
202403094_3.jpg,0,Others,0
202403094_4.jpg,9,Others,0
202403094_4.jpg,8,Others,0
202403094_4.jpg,7,Others,0
202403094_4.jpg,6,T,1
202403094_4.jpg,5,Others,0
202403094_4.jpg,4,Others,0
202403094_4.jpg,3,Others,0
202403094_4.jpg,2,Others,0
202403094_4.jpg,1,Others,0
202403094_4.jpg,0,Others,0
202403749.jpg,41,Others,0
202403749.jpg,35,Others,0
202403749_2.jpg,30,Others,0
202403749_2.jpg,29,Others,0
202403749_2.jpg,28,Others,0
202403749_2.jpg,27,Others,0
202403749_2.jpg,26,Others,0
202403749_2.jpg,25,Others,0
202403749_2.jpg,24,Others,0
202403749_2.jpg,23,Others,0
202403749_2.jpg,22,Others,0
202403749_2.jpg,21,Others,0
202403749_2.jpg,20,Others,0
202403749_2.jpg,19,T,1
202403749_2.jpg,18,Others,0
202403749_2.jpg,17,T,1
202403749_2.jpg,16,Others,0
202403749_2.jpg,15,I,3
202403749_2.jpg,14,Others,0
202403749_2.jpg,13,Others,0
202403749_2.jpg,12,V,2
202403749_2.jpg,11,T,1
202403749_2.jpg,10,Others,0
202403749_2.jpg,9,Others,0
202403749_2.jpg,8,Others,0
202403749_2.jpg,7,Others,0
202403749_2.jpg,6,Others,0
202403749_2.jpg,5,Others,0
202403749_2.jpg,4,Others,0
202403749_2.jpg,3,Others,0
202403749_2.jpg,2,Others,0
202403749_2.jpg,1,Others,0
202403749_2.jpg,0,Others,0
202403749_3.jpg,28,Others,0
202403749_3.jpg,27,Others,0
202403749_3.jpg,26,Others,0
202403749_3.jpg,25,Others,0
202403749_3.jpg,24,Others,0
202403749_3.jpg,23,Others,0
202403749_3.jpg,22,Others,0
202403749_3.jpg,21,Others,0
202403749_3.jpg,20,T,1
202403749_3.jpg,19,T,1
202403749_3.jpg,18,T,1
202403749_3.jpg,17,Others,0
202403749_3.jpg,16,V,2
202403749_3.jpg,14,Others,0
202403749_3.jpg,13,Others,0
202403749_3.jpg,12,Others,0
202403749_3.jpg,11,Others,0
202403749_3.jpg,10,Others,0
202403749_3.jpg,9,Others,0
202403749_3.jpg,8,Others,0
202403749_3.jpg,7,Others,0
202403749_3.jpg,6,Others,0
202403749_3.jpg,5,Others,0
202403749_3.jpg,4,Others,0
202403749_3.jpg,3,Others,0
202403749_3.jpg,2,Others,0
202403749_3.jpg,1,V,2
202403749_3.jpg,0,Others,0
202403749_4.jpg,24,Others,0
202403749_4.jpg,23,Others,0
202403749_4.jpg,22,Others,0
202403749_4.jpg,21,Others,0
202403749_4.jpg,20,Others,0
202403749_4.jpg,19,T,1
202403749_4.jpg,18,T,1
202403749_4.jpg,17,Others,0
202403749_4.jpg,15,T,1
202403749_4.jpg,14,T,1
202403749_4.jpg,13,T,1
202403749_4.jpg,12,Others,0
202403749_4.jpg,11,Others,0
202403749_4.jpg,10,Others,0
202403749_4.jpg,9,Stela,6
202403749_4.jpg,6,Others,0
202403749_4.jpg,5,Others,0
202403749_4.jpg,4,Others,0
202403749_4.jpg,3,Others,0
202403749_4.jpg,2,Others,0
202403749_4.jpg,1,Others,0
202403749_4.jpg,0,Others,0
202403870_2.jpg,61,Others,0
202403870_2.jpg,59,T,1
202403870_2.jpg,58,T,1
202403870_2.jpg,57,I,3
202403870_2.jpg,55,T,1
202403870_2.jpg,53,T,1
202403870_2.jpg,52,T,1
202403870_2.jpg,51,T,1
202403870_2.jpg,50,T,1
202403870_2.jpg,49,T,1
202403870_2.jpg,48,T,1
202403870_2.jpg,47,Others,0
202403870_2.jpg,45,I,3
202403870_2.jpg,44,T,1
202403870_2.jpg,43,T,1
202403870_2.jpg,42,I,3
202403870_2.jpg,39,I,3
202403870_2.jpg,38,Others,0
202403870_2.jpg,37,Stela,6
202403870_2.jpg,36,Others,0
202403870_2.jpg,34,Others,0
202403870_2.jpg,33,Others,0
202403870_2.jpg,32,Others,0
202403870_2.jpg,31,Others,0
202403870_2.jpg,30,Stela,6
202403870_2.jpg,29,Others,0
202403870_2.jpg,28,Others,0
202403870_2.jpg,27,Others,0
202403870_2.jpg,26,Others,0
202403870_2.jpg,25,Others,0
202403870_2.jpg,24,Others,0
202403870_2.jpg,23,Others,0
202403870_2.jpg,22,Others,0
202403870_2.jpg,21,Others,0
202403870_2.jpg,20,Others,0
202403870_2.jpg,19,Others,0
202403870_2.jpg,18,Others,0
202403870_2.jpg,17,Others,0
202403870_2.jpg,16,Others,0
202403870_2.jpg,15,Others,0
202403870_2.jpg,14,Others,0
202403870_2.jpg,13,Others,0
202403870_2.jpg,12,Others,0
202403870_2.jpg,11,Others,0
202403870_2.jpg,10,Others,0
202403870_2.jpg,9,Others,0
202403870_2.jpg,8,Others,0
202403870_2.jpg,7,Others,0
202403870_2.jpg,6,Others,0
202403870_2.jpg,5,Others,0
202403870_2.jpg,4,Others,0
202403870_2.jpg,3,Others,0
202403870_2.jpg,2,Others,0
202403870_2.jpg,1,Others,0
202403870_2.jpg,0,Others,0
202403870_3.jpg,43,Others,0
202403870_3.jpg,42,Others,0
202403870_3.jpg,36,Others,0
202403870_3.jpg,35,Others,0
202403870_3.jpg,34,I,3
202403870_3.jpg,33,Others,0
202403870_3.jpg,32,Others,0
202403870_3.jpg,31,Others,0
202403870_3.jpg,30,Others,0
202403870_3.jpg,29,Others,0
202403870_3.jpg,28,Others,0
202403870_3.jpg,27,Others,0
202403870_3.jpg,26,Others,0
202403870_3.jpg,25,Others,0
202403870_3.jpg,24,Others,0
202403870_3.jpg,22,Others,0
202403870_3.jpg,21,Others,0
202403870_3.jpg,19,Others,0
202403870_3.jpg,18,Others,0
202403870_3.jpg,17,Others,0
202403870_3.jpg,16,Others,0
202403870_3.jpg,15,Others,0
202403870_3.jpg,14,Others,0
202403870_3.jpg,13,Others,0
202403870_3.jpg,12,Others,0
202403870_3.jpg,11,Others,0
202403870_3.jpg,10,Others,0
202403870_3.jpg,9,Others,0
202403870_3.jpg,8,Others,0
202403870_3.jpg,7,Others,0
202403870_3.jpg,6,Others,0
202403870_3.jpg,5,Others,0
202403870_3.jpg,4,Others,0
202403870_3.jpg,3,Others,0
202403870_3.jpg,2,Others,0
202403870_3.jpg,1,Others,0
202403870_4.jpg,27,Others,0
202403870_4.jpg,26,Others,0
202403870_4.jpg,25,Others,0
202403870_4.jpg,24,Others,0
202403870_4.jpg,23,Others,0
202403870_4.jpg,22,Others,0
202403870_4.jpg,21,Others,0
202403870_4.jpg,20,Others,0
202403870_4.jpg,19,Others,0
202403870_4.jpg,18,Others,0
202403870_4.jpg,17,Others,0
202403870_4.jpg,16,Others,0
202403870_4.jpg,15,Others,0
202403870_4.jpg,14,Others,0
202403870_4.jpg,13,Others,0
202403870_4.jpg,12,Others,0
202403870_4.jpg,10,Others,0
202403870_4.jpg,11,Others,0
202403870_4.jpg,9,Others,0
202403870_4.jpg,8,Others,0
202403870_4.jpg,7,Others,0
202403870_4.jpg,6,Others,0
202403870_4.jpg,5,Others,0
202403870_4.jpg,4,Others,0
202403870_4.jpg,3,Others,0
202403870_4.jpg,2,Others,0
202403870_4.jpg,1,Others,0
202403870_4.jpg,0,Others,0
202404082.jpg,47,Others,0
202404082.jpg,46,Others,0
202404082.jpg,45,Others,0
202404082.jpg,44,Others,0
202404082.jpg,43,Others,0
202404082.jpg,42,Others,0
202404082.jpg,41,Others,0
202404082.jpg,40,Others,0
202404082.jpg,39,Others,0
202404082.jpg,38,Others,0
202404082.jpg,37,Others,0
202404082.jpg,36,Others,0
202404082.jpg,35,Others,0
202404082.jpg,34,Others,0
202404082.jpg,33,Others,0
202404082.jpg,32,Others,0
202404082.jpg,31,Others,0
202404082.jpg,30,Others,0
202404082.jpg,29,Others,0
202404082.jpg,28,Others,0
202404082.jpg,27,Others,0
202404082.jpg,26,Others,0
202404082.jpg,25,Others,0
202404082_2.jpg,24,Others,0
202404082_2.jpg,23,Others,0
202404082_2.jpg,22,Others,0
202404082_2.jpg,21,Others,0
202404082_2.jpg,20,Others,0
202404082_2.jpg,18,Others,0
202404082_2.jpg,17,Others,0
202404082_2.jpg,16,Others,0
202404082_2.jpg,15,Others,0
202404082_2.jpg,14,Others,0
202404082_2.jpg,13,Others,0
202404082_2.jpg,12,Others,0
202404082_2.jpg,11,Others,0
202404082_2.jpg,10,Others,0
202404082_2.jpg,9,Others,0
202404082_2.jpg,8,Others,0
202404082_2.jpg,7,Others,0
202404082_2.jpg,6,Others,0
202404082_2.jpg,5,Others,0
202404082_2.jpg,4,Others,0
202404082_2.jpg,3,Others,0
202404082_2.jpg,2,Others,0
202404082_2.jpg,1,Others,0
202404082_3.jpg,30,Others,0
202404082_3.jpg,29,Others,0
202404082_3.jpg,28,Others,0
202404082_3.jpg,27,Others,0
202404082_3.jpg,26,Others,0
202404082_3.jpg,25,Others,0
202404082_3.jpg,24,Others,0
202404082_3.jpg,23,Others,0
202404082_3.jpg,22,Others,0
202404082_3.jpg,21,Others,0
202404082_3.jpg,20,Others,0
202404082_3.jpg,19,Others,0
202404082_3.jpg,18,Others,0
202404082_3.jpg,17,Stela,6
202404082_3.jpg,16,Others,0
202404082_3.jpg,15,Others,0
202404082_3.jpg,14,Others,0
202404082_3.jpg,13,Others,0
202404082_3.jpg,12,Others,0
202404082_3.jpg,11,Others,0
202404082_3.jpg,10,Others,0
202404082_3.jpg,9,Others,0
202404082_3.jpg,8,Others,0
202404082_3.jpg,7,Others,0
202404082_3.jpg,6,Stela,6
202404082_3.jpg,5,Others,0
202404082_3.jpg,4,Others,0
202404082_3.jpg,3,Others,0
202404082_3.jpg,2,Others,0
202404082_4.jpg,57,Others,0
202404082_4.jpg,56,Others,0
202404082_4.jpg,55,Others,0
202404082_4.jpg,54,Others,0
202404082_4.jpg,53,Others,0
202404082_4.jpg,52,Others,0
202404082_4.jpg,51,Others,0
202404082_4.jpg,50,Others,0
202404082_4.jpg,48,Others,0
202404082_4.jpg,47,Stela,6
202404082_4.jpg,46,Stela,6
202404082_4.jpg,45,Others,0
202404082_4.jpg,44,Others,0
202404082_4.jpg,43,Others,0
202404082_4.jpg,42,Others,0
202404082_4.jpg,41,Others,0
202404082_4.jpg,40,Others,0
202404082_4.jpg,39,Others,0
202404082_4.jpg,38,Others,0
202404082_4.jpg,37,Others,0
202404082_4.jpg,36,Others,0
202404082_4.jpg,35,Others,0
202404082_4.jpg,34,Stela,6
202404082_4.jpg,33,Stela,6
202404082_4.jpg,32,Others,0
202404082_4.jpg,31,Others,0
202404082_4.jpg,30,Others,0
202404082_4.jpg,29,Others,0
202404082_4.jpg,28,Others,0
202404082_4.jpg,27,Others,0
202404082_4.jpg,26,Stela,6
202404082_4.jpg,25,Others,0
202404082_4.jpg,24,Others,0
202404082_4.jpg,23,Others,0
202404082_4.jpg,22,Others,0
202404082_4.jpg,21,Others,0
202404082_4.jpg,20,Others,0
202404082_4.jpg,19,Others,0
202404082_4.jpg,18,Others,0
202404082_4.jpg,17,Others,0
202404082_4.jpg,16,Others,0
202404082_4.jpg,15,Others,0
202404082_4.jpg,14,Others,0
202404082_4.jpg,13,Others,0
202404082_4.jpg,11,Others,0
202404082_4.jpg,12,Others,0
202404082_4.jpg,10,Others,0
202404082_4.jpg,9,Others,0
202404082_4.jpg,8,Others,0
202404082_4.jpg,6,Others,0
202404082_4.jpg,5,Others,0
202404082_4.jpg,4,Others,0
202404082_4.jpg,3,Others,0
202404082_4.jpg,2,Others,0
202404222_2.jpg,23,Others,0
202404222_2.jpg,22,Others,0
202404222_2.jpg,21,Others,0
202404222_2.jpg,20,Others,0
202404222_2.jpg,19,T,1
202404222_2.jpg,18,T,1
202404222_2.jpg,17,T,1
202404222_2.jpg,16,Others,0
202404222_2.jpg,15,Others,0
202404222_2.jpg,14,Others,0
202404222_2.jpg,12,Others,0
202404222_2.jpg,11,Others,0
202404222_2.jpg,10,Others,0
202404222_2.jpg,9,Others,0
202404222_2.jpg,8,Stela,6
202404222_2.jpg,7,Others,0
202404222_2.jpg,6,Others,0
202404222_2.jpg,5,Others,0
202404222_2.jpg,4,Others,0
202404222_2.jpg,3,Others,0
202404222_2.jpg,2,Others,0
202404222_2.jpg,1,Others,0
202404222_2.jpg,0,Others,0
202404222_3.jpg,17,Others,0
202404222_3.jpg,16,Others,0
202404222_3.jpg,15,Others,0
202404222_3.jpg,14,Others,0
202404222_3.jpg,13,Others,0
202404222_3.jpg,12,T,1
202404222_3.jpg,11,T,1
202404222_3.jpg,10,Others,0
202404222_3.jpg,9,Others,0
202404222_3.jpg,8,Others,0
202404222_3.jpg,7,Others,0
202404222_3.jpg,6,Others,0
202404222_3.jpg,5,Others,0
202404222_3.jpg,4,Others,0
202404222_3.jpg,3,Others,0
202404222_3.jpg,2,Others,0
202404222_3.jpg,1,Others,0
202404222_3.jpg,0,Others,0
202404222_4.jpg,21,Others,0
202404222_4.jpg,20,Others,0
202404222_4.jpg,19,Others,0
202404222_4.jpg,18,Others,0
202404222_4.jpg,17,Others,0
202404222_4.jpg,16,Others,0
202404222_4.jpg,15,Others,0
202404222_4.jpg,14,Others,0
202404222_4.jpg,13,Others,0
202404222_4.jpg,12,Others,0
202404222_4.jpg,11,Others,0
202404222_4.jpg,10,Others,0
202404222_4.jpg,9,Others,0
202404222_4.jpg,8,Others,0
202404222_4.jpg,7,Others,0
202404222_4.jpg,6,Others,0
202404222_4.jpg,5,Others,0
202404222_4.jpg,4,Others,0
202404222_4.jpg,3,Others,0
202404222_4.jpg,2,Others,0
202404222_4.jpg,1,Others,0
202404222_4.jpg,0,Others,0
202405012.jpg,24,Others,0
202405012.jpg,16,Others,0
202405012.jpg,10,Others,0
202405012_2.jpg,68,Others,0
202405012_2.jpg,67,Others,0
202405012_2.jpg,66,Others,0
202405012_2.jpg,65,Others,0
202405012_2.jpg,64,Others,0
202405012_2.jpg,63,Others,0
202405012_2.jpg,62,Others,0
202405012_2.jpg,61,I,3
202405012_2.jpg,60,T,1
202405012_2.jpg,59,Others,0
202405012_2.jpg,58,T,1
202405012_2.jpg,57,Others,0
202405012_2.jpg,56,Others,0
202405012_2.jpg,55,Others,0
202405012_2.jpg,54,T,1
202405012_2.jpg,53,T,1
202405012_2.jpg,52,Others,0
202405012_2.jpg,51,Others,0
202405012_2.jpg,50,I,3
202405012_2.jpg,49,Others,0
202405012_2.jpg,48,T,1
202405012_2.jpg,47,Others,0
202405012_2.jpg,46,Others,0
202405012_2.jpg,45,T,1
202405012_2.jpg,44,Others,0
202405012_2.jpg,43,Others,0
202405012_2.jpg,42,Others,0
202405012_2.jpg,41,T,1
202405012_2.jpg,40,Others,0
202405012_2.jpg,39,Others,0
202405012_2.jpg,38,Others,0
202405012_2.jpg,37,Others,0
202405012_2.jpg,36,T,1
202405012_2.jpg,35,Others,0
202405012_2.jpg,34,Others,0
202405012_2.jpg,33,I,3
202405012_2.jpg,32,Others,0
202405012_2.jpg,31,Others,0
202405012_2.jpg,30,Others,0
202405012_2.jpg,29,Others,0
202405012_2.jpg,28,Others,0
202405012_2.jpg,27,Others,0
202405012_2.jpg,26,Others,0
202405012_2.jpg,25,Others,0
202405012_2.jpg,24,Others,0
202405012_2.jpg,23,Others,0
202405012_2.jpg,22,V,2
202405012_2.jpg,21,V,2
202405012_2.jpg,20,Others,0
202405012_2.jpg,19,Others,0
202405012_2.jpg,18,Others,0
202405012_2.jpg,17,Others,0
202405012_2.jpg,16,Others,0
202405012_2.jpg,15,Others,0
202405012_2.jpg,14,Others,0
202405012_2.jpg,13,Others,0
202405012_2.jpg,12,Others,0
202405012_2.jpg,11,Others,0
202405012_2.jpg,10,Others,0
202405012_2.jpg,9,Others,0
202405012_2.jpg,8,Others,0
202405012_2.jpg,7,Others,0
202405012_2.jpg,6,Others,0
202405012_2.jpg,5,Others,0
202405012_2.jpg,4,Others,0
202405012_2.jpg,3,Others,0
202405012_2.jpg,2,Others,0
202405012_2.jpg,1,Others,0
202405012_3.jpg,36,Others,0
202405012_3.jpg,35,T,1
202405012_3.jpg,34,Others,0
202405012_3.jpg,33,Others,0
202405012_3.jpg,31,T,1
202405012_3.jpg,30,T,1
202405012_3.jpg,28,Others,0
202405012_3.jpg,17,Others,0
202405012_3.jpg,16,Others,0
202405012_3.jpg,12,Others,0
202405012_3.jpg,11,Others,0
202405012_3.jpg,10,Others,0
202405012_3.jpg,9,Others,0
202405012_3.jpg,8,Others,0
202405012_3.jpg,7,Others,0
202405012_3.jpg,6,Others,0
202405012_3.jpg,5,Others,0
202405012_3.jpg,4,Others,0
202405012_3.jpg,3,Others,0
202405012_3.jpg,2,Others,0
202405012_3.jpg,1,Others,0
202405012_3.jpg,0,Others,0
202405012_4.jpg,15,Others,0
202405012_4.jpg,14,Others,0
202405012_4.jpg,12,Others,0
202405012_4.jpg,11,Others,0
202405012_4.jpg,8,Others,0
202405012_4.jpg,6,Others,0
202405012_4.jpg,4,Others,0
202405012_4.jpg,3,Others,0
202405012_4.jpg,2,Others,0
202405012_4.jpg,1,Others,0
202405012_4.jpg,0,Others,0
202405013_2.jpg,43,Others,0
202405013_2.jpg,42,Others,0
202405013_2.jpg,41,T,1
202405013_2.jpg,40,T,1
202405013_2.jpg,39,T,1
202405013_2.jpg,38,T,1
202405013_2.jpg,37,Others,0
202405013_2.jpg,36,Others,0
202405013_2.jpg,34,T,1
202405013_2.jpg,33,Others,0
202405013_2.jpg,32,Others,0
202405013_2.jpg,31,Others,0
202405013_2.jpg,30,Others,0
202405013_2.jpg,29,Others,0
202405013_2.jpg,28,Others,0
202405013_2.jpg,26,Others,0
202405013_2.jpg,25,Others,0
202405013_2.jpg,24,Others,0
202405013_2.jpg,23,Others,0
202405013_2.jpg,22,Others,0
202405013_2.jpg,21,Others,0
202405013_2.jpg,20,Others,0
202405013_2.jpg,19,Others,0
202405013_2.jpg,18,Others,0
202405013_2.jpg,17,Others,0
202405013_2.jpg,16,Others,0
202405013_2.jpg,15,Others,0
202405013_2.jpg,14,Others,0
202405013_2.jpg,13,Others,0
202405013_2.jpg,12,Others,0
202405013_2.jpg,11,Others,0
202405013_2.jpg,10,Others,0
202405013_2.jpg,9,Others,0
202405013_2.jpg,8,Others,0
202405013_2.jpg,7,Others,0
202405013_2.jpg,6,Others,0
202405013_2.jpg,5,Others,0
202405013_2.jpg,4,Others,0
202405013_2.jpg,3,Others,0
202405013_2.jpg,2,Others,0
202405013_2.jpg,1,Others,0
202405013_2.jpg,0,Others,0
202405013_3.jpg,20,Others,0
202405013_3.jpg,19,Others,0
202405013_3.jpg,17,Others,0
202405013_3.jpg,13,Others,0
202405013_3.jpg,11,Others,0
202405013_3.jpg,10,Others,0
202405013_3.jpg,8,Others,0
202405013_3.jpg,7,Others,0
202405013_3.jpg,6,Others,0
202405013_3.jpg,5,Others,0
202405013_3.jpg,4,Others,0
202405013_3.jpg,3,Others,0
202405013_3.jpg,2,Others,0
202405013_3.jpg,1,Others,0
202405013_3.jpg,0,Others,0
202405014_2.jpg,46,Others,0
202405014_2.jpg,45,Others,0
202405014_2.jpg,44,Others,0
202405014_2.jpg,43,Others,0
202405014_2.jpg,42,Others,0
202405014_2.jpg,41,Others,0
202405014_2.jpg,40,Others,0
202405014_2.jpg,39,Others,0
202405014_2.jpg,38,Others,0
202405014_2.jpg,37,Others,0
202405014_2.jpg,36,I,3
202405014_2.jpg,35,V,2
202405014_2.jpg,34,I,3
202405014_2.jpg,33,I,3
202405014_2.jpg,32,V,2
202405014_2.jpg,31,V,2
202405014_2.jpg,30,Others,0
202405014_2.jpg,29,Others,0
202405014_2.jpg,28,Others,0
202405014_2.jpg,27,Others,0
202405014_2.jpg,26,Others,0
202405014_2.jpg,25,Others,0
202405014_2.jpg,24,Others,0
202405014_2.jpg,23,V,2
202405014_2.jpg,22,Others,0
202405014_2.jpg,21,Others,0
202405014_2.jpg,20,V,2
202405014_2.jpg,19,V,2
202405014_2.jpg,18,Others,0
202405014_2.jpg,17,Others,0
202405014_2.jpg,16,Others,0
202405014_2.jpg,15,Others,0
202405014_2.jpg,14,Others,0
202405014_2.jpg,13,Others,0
202405014_2.jpg,12,Others,0
202405014_2.jpg,11,Others,0
202405014_2.jpg,10,Others,0
202405014_2.jpg,9,Others,0
202405014_2.jpg,8,Others,0
202405014_2.jpg,7,Others,0
202405014_2.jpg,6,Others,0
202405014_2.jpg,5,Others,0
202405014_2.jpg,4,Others,0
202405014_2.jpg,3,Others,0
202405014_2.jpg,2,Others,0
202405014_2.jpg,1,Others,0
202405014_2.jpg,0,Others,0
202405014_3.jpg,23,Others,0
202405014_3.jpg,22,Others,0
202405014_3.jpg,13,Others,0
202405014_3.jpg,12,Others,0
202405014_3.jpg,11,Others,0
202405014_3.jpg,10,Others,0
202405014_3.jpg,9,Stela,6
202405014_3.jpg,8,Others,0
202405014_3.jpg,7,Others,0
202405014_3.jpg,6,Others,0
202405014_3.jpg,5,Others,0
202405014_3.jpg,4,Others,0
202405014_3.jpg,3,Others,0
202405014_3.jpg,2,Others,0
202405014_3.jpg,1,Others,0
202405014_3.jpg,0,Others,0
202405014_4.jpg,18,Others,0
202405014_4.jpg,17,Others,0
202405014_4.jpg,16,Others,0
202405014_4.jpg,15,Others,0
202405014_4.jpg,14,Others,0
202405014_4.jpg,13,Others,0
202405014_4.jpg,12,Others,0
202405014_4.jpg,11,Others,0
202405014_4.jpg,10,Others,0
202405014_4.jpg,9,Others,0
202405014_4.jpg,8,Others,0
202405014_4.jpg,7,Others,0
202405014_4.jpg,6,Others,0
202405014_4.jpg,5,Others,0
202405014_4.jpg,4,Others,0
202405014_4.jpg,3,Others,0
202405014_4.jpg,2,Others,0
202405014_4.jpg,1,Others,0
202405014_4.jpg,0,Others,0
202405319_2.jpg,54,Others,0
202405319_2.jpg,53,Others,0
202405319_2.jpg,52,Others,0
202405319_2.jpg,51,T,1
202405319_2.jpg,49,Others,0
202405319_2.jpg,48,T,1
202405319_2.jpg,47,T,1
202405319_2.jpg,46,T,1
202405319_2.jpg,45,Others,0
202405319_2.jpg,43,I,3
202405319_2.jpg,42,Others,0
202405319_2.jpg,41,Others,0
202405319_2.jpg,39,V,2
202405319_2.jpg,38,Others,0
202405319_2.jpg,37,Others,0
202405319_2.jpg,36,I,3
202405319_2.jpg,35,Others,0
202405319_2.jpg,34,Others,0
202405319_2.jpg,33,Others,0
202405319_2.jpg,32,Others,0
202405319_2.jpg,31,Stela,6
202405319_2.jpg,30,Others,0
202405319_2.jpg,29,Others,0
202405319_2.jpg,28,V,2
202405319_2.jpg,27,Others,0
202405319_2.jpg,26,V,2
202405319_2.jpg,25,Others,0
202405319_2.jpg,24,Others,0
202405319_2.jpg,23,V,2
202405319_2.jpg,22,V,2
202405319_2.jpg,21,Others,0
202405319_2.jpg,20,Others,0
202405319_2.jpg,19,Others,0
202405319_2.jpg,18,Others,0
202405319_2.jpg,17,Others,0
202405319_2.jpg,16,Others,0
202405319_2.jpg,15,Others,0
202405319_2.jpg,14,Others,0
202405319_2.jpg,13,Others,0
202405319_2.jpg,12,Others,0
202405319_2.jpg,11,Stela,6
202405319_2.jpg,10,Others,0
202405319_2.jpg,9,Others,0
202405319_2.jpg,8,Others,0
202405319_2.jpg,7,Others,0
202405319_2.jpg,6,Others,0
202405319_2.jpg,5,Others,0
202405319_2.jpg,4,Others,0
202405319_2.jpg,3,Others,0
202405319_2.jpg,2,Others,0
202405319_2.jpg,1,Others,0
202405319_2.jpg,0,Others,0
202405319_3.jpg,32,Others,0
202405319_3.jpg,31,Others,0
202405319_3.jpg,30,T,1
202405319_3.jpg,29,T,1
202405319_3.jpg,28,T,1
202405319_3.jpg,26,T,1
202405319_3.jpg,25,Others,0
202405319_3.jpg,24,T,1
202405319_3.jpg,23,T,1
202405319_3.jpg,22,Others,0
202405319_3.jpg,21,Others,0
202405319_3.jpg,19,T,1
202405319_3.jpg,18,Others,0
202405319_3.jpg,17,Others,0
202405319_3.jpg,16,Stela,6
202405319_3.jpg,15,Others,0
202405319_3.jpg,14,Others,0
202405319_3.jpg,13,Others,0
202405319_3.jpg,12,Others,0
202405319_3.jpg,10,Others,0
202405319_3.jpg,9,Others,0
202405319_3.jpg,8,Others,0
202405319_3.jpg,7,Stela,6
202405319_3.jpg,6,Others,0
202405319_3.jpg,5,Others,0
202405319_3.jpg,4,Others,0
202405319_3.jpg,3,Others,0
202405319_3.jpg,2,Others,0
202405319_3.jpg,1,Others,0
202405319_3.jpg,0,Others,0
202405759_2.jpg,39,Others,0
202405759_2.jpg,38,Others,0
202405759_2.jpg,37,Others,0
202405759_2.jpg,36,Others,0
202405759_2.jpg,35,Others,0
202405759_2.jpg,34,I,3
202405759_2.jpg,33,Others,0
202405759_2.jpg,32,Others,0
202405759_2.jpg,31,Stela,6
202405759_2.jpg,30,Others,0
202405759_2.jpg,29,Others,0
202405759_2.jpg,28,Others,0
202405759_2.jpg,27,Others,0
202405759_2.jpg,26,Stela,6
202405759_2.jpg,25,Others,0
202405759_2.jpg,24,Others,0
202405759_2.jpg,23,Others,0
202405759_2.jpg,22,Others,0
202405759_2.jpg,21,Others,0
202405759_2.jpg,20,Stela,6
202405759_2.jpg,19,Stela,6
202405759_2.jpg,18,Others,0
202405759_2.jpg,17,Others,0
202405759_2.jpg,16,Others,0
202405759_2.jpg,15,Others,0
202405759_2.jpg,14,Others,0
202405759_2.jpg,13,Others,0
202405759_2.jpg,12,Others,0
202405759_2.jpg,11,Others,0
202405759_2.jpg,10,Others,0
202405759_2.jpg,9,Others,0
202405759_2.jpg,8,Others,0
202405759_2.jpg,7,Others,0
202405759_2.jpg,6,Others,0
202405759_2.jpg,5,Others,0
202405759_2.jpg,4,Others,0
202405759_2.jpg,3,Others,0
202405759_2.jpg,2,Others,0
202405759_2.jpg,1,Others,0
202405759_2.jpg,0,Others,0
202405759_3.jpg,10,Others,0
202405759_3.jpg,9,Others,0
202405759_3.jpg,8,Others,0
202405759_3.jpg,7,Others,0
202405759_3.jpg,5,Others,0
202405759_3.jpg,4,Others,0
202405759_3.jpg,3,Others,0
202405759_3.jpg,2,Others,0
202405759_3.jpg,1,Others,0
202405759_3.jpg,0,Others,0
